"","week","habit","year","total","goal","type_norm","group","unit","met_goal","goal_dist","goal_group"
"1",7,"Math",2026,16.17,15,0,"Work","hr",1,0.0780000000000001,"met"
"2",7,"Non-Math",2026,7.5,3,0,"Work","hr",1,1.5,"v_over"
"3",7,"Library Trips",2026,0,3,0,"Work","count",0,-1,"bottom"
"4",7,"Tutoring JB",2026,0,3,0,"Work","hr",0,-1,"bottom"
"5",7,"Days I did enough",2026,0,3,0,"Work","count",0,-1,"bottom"
"6",7,"Meeting Canceled",2026,82.37,1,0,"Fulfill","hr",1,81.37,"v_over"
"7",7,"Star Item Time",2026,0,2,0,"Fulfill","hr",0,-1,"bottom"
"8",7,"Spanish Practice",2026,0,2,0,"Fulfill","count",0,-1,"bottom"
"9",7,"Exposure Therapy",2026,0,4,0,"Fulfill","count",0,-1,"bottom"
"10",7,"Sabbath",2026,0,1,0,"Fulfill","count",0,-1,"bottom"
"11",7,"Airplane Time",2026,0,30,0,"Fulfill","min",0,-1,"bottom"
"12",7,"Creative Time",2026,0,5,0,"Fulfill","hr",0,-1,"bottom"
"13",7,"Stranger Socializing",2026,3,3,0,"Social","hr",1,0,"met"
"14",7,"Friend Quality",2026,3.5,3,0,"Social","hr",1,0.166666666666667,"over"
"15",7,"Active Zone Minutes",2026,78,50,0,"Health","min",1,0.56,"v_over"
"16",7,"Meal Prep",2026,5,7,0,"Health","hr",0,-0.285714285714286,"middle"
"17",7,"Lift",2026,0,3,0,"Health","count",0,-1,"bottom"
"18",7,"Finding Roommates",2026,0,1.5,0,"Family","hr",0,-1,"bottom"
"19",7,"Helping Momo",2026,0,3,0,"Family","hr",0,-1,"bottom"
"20",7,"Convo with Dad",2026,0,1,0,"Family","count",0,-1,"bottom"
"21",7,"Family Help",2026,0,4,0,"Family","hr",0,-1,"bottom"
"22",7,"Eating Meals",2026,0,10,1,"Minimize","hr",0,-1,"bottom"
"23",7,"FT Routine",2026,0,6,1,"Minimize","hr",0,-1,"bottom"
"24",8,"Math",2026,10.5,15,0,"Work","hr",0,-0.3,"middle"
"25",8,"Non-Math",2026,7.83,3,0,"Work","hr",1,1.61,"v_over"
"26",8,"Library Trips",2026,0,3,0,"Work","count",0,-1,"bottom"
"27",8,"Tutoring JB",2026,3.5,3,0,"Work","hr",1,0.166666666666667,"over"
"28",8,"Days I did enough",2026,0,3,0,"Work","count",0,-1,"bottom"
"29",8,"Meeting Canceled",2026,0,1,0,"Fulfill","hr",0,-1,"bottom"
"30",8,"Star Item Time",2026,0,2,0,"Fulfill","hr",0,-1,"bottom"
"31",8,"Spanish Practice",2026,0,2,0,"Fulfill","count",0,-1,"bottom"
"32",8,"Exposure Therapy",2026,0,4,0,"Fulfill","count",0,-1,"bottom"
"33",8,"Sabbath",2026,0,1,0,"Fulfill","count",0,-1,"bottom"
"34",8,"Airplane Time",2026,0,30,0,"Fulfill","min",0,-1,"bottom"
"35",8,"Creative Time",2026,0,5,0,"Fulfill","hr",0,-1,"bottom"
"36",8,"Stranger Socializing",2026,9.5,3,0,"Social","hr",1,2.16666666666667,"v_over"
"37",8,"Friend Quality",2026,11.5,3,0,"Social","hr",1,2.83333333333333,"v_over"
"38",8,"Active Zone Minutes",2026,54,50,0,"Health","min",1,0.08,"met"
"39",8,"Meal Prep",2026,5,7,0,"Health","hr",0,-0.285714285714286,"middle"
"40",8,"Lift",2026,1,3,0,"Health","count",0,-0.666666666666667,"middle"
"41",8,"Finding Roommates",2026,0,1.5,0,"Family","hr",0,-1,"bottom"
"42",8,"Helping Momo",2026,0,3,0,"Family","hr",0,-1,"bottom"
"43",8,"Convo with Dad",2026,0,1,0,"Family","count",0,-1,"bottom"
"44",8,"Family Help",2026,0,4,0,"Family","hr",0,-1,"bottom"
"45",8,"Eating Meals",2026,0,10,1,"Minimize","hr",0,-1,"bottom"
"46",8,"FT Routine",2026,0,6,1,"Minimize","hr",0,-1,"bottom"
"47",9,"Math",2026,14.75,15,0,"Work","hr",0,-0.0166666666666667,"met"
"48",9,"Non-Math",2026,2,3,0,"Work","hr",0,-0.333333333333333,"middle"
"49",9,"Library Trips",2026,0,3,0,"Work","count",0,-1,"bottom"
"50",9,"Tutoring JB",2026,0.75,3,0,"Work","hr",0,-0.75,"bottom"
"51",9,"Days I did enough",2026,0,3,0,"Work","count",0,-1,"bottom"
"52",9,"Meeting Canceled",2026,0,1,0,"Fulfill","hr",0,-1,"bottom"
"53",9,"Star Item Time",2026,0,2,0,"Fulfill","hr",0,-1,"bottom"
"54",9,"Spanish Practice",2026,0,2,0,"Fulfill","count",0,-1,"bottom"
"55",9,"Exposure Therapy",2026,0,4,0,"Fulfill","count",0,-1,"bottom"
"56",9,"Sabbath",2026,0,1,0,"Fulfill","count",0,-1,"bottom"
"57",9,"Airplane Time",2026,0,30,0,"Fulfill","min",0,-1,"bottom"
"58",9,"Creative Time",2026,0,5,0,"Fulfill","hr",0,-1,"bottom"
"59",9,"Stranger Socializing",2026,3.5,3,0,"Social","hr",1,0.166666666666667,"over"
"60",9,"Friend Quality",2026,0,3,0,"Social","hr",0,-1,"bottom"
"61",9,"Active Zone Minutes",2026,0,50,0,"Health","min",0,-1,"bottom"
"62",9,"Meal Prep",2026,0,7,0,"Health","hr",0,-1,"bottom"
"63",9,"Lift",2026,0,3,0,"Health","count",0,-1,"bottom"
"64",9,"Finding Roommates",2026,0,1.5,0,"Family","hr",0,-1,"bottom"
"65",9,"Helping Momo",2026,0,3,0,"Family","hr",0,-1,"bottom"
"66",9,"Convo with Dad",2026,0,1,0,"Family","count",0,-1,"bottom"
"67",9,"Family Help",2026,0,4,0,"Family","hr",0,-1,"bottom"
"68",9,"Eating Meals",2026,0,10,1,"Minimize","hr",0,-1,"bottom"
"69",9,"FT Routine",2026,0,6,1,"Minimize","hr",0,-1,"bottom"
"70",10,"Math",2026,13.91,15,0,"Work","hr",0,-0.0726666666666667,"met"
"71",10,"Non-Math",2026,2.42,3,0,"Work","hr",0,-0.193333333333333,"middle"
"72",10,"Library Trips",2026,0,3,0,"Work","count",0,-1,"bottom"
"73",10,"Tutoring JB",2026,4.6,3,0,"Work","hr",1,0.533333333333333,"v_over"
"74",10,"Days I did enough",2026,0,3,0,"Work","count",0,-1,"bottom"
"75",10,"Meeting Canceled",2026,50,1,0,"Fulfill","hr",1,49,"v_over"
"76",10,"Star Item Time",2026,0.83,2,0,"Fulfill","hr",0,-0.585,"middle"
"77",10,"Spanish Practice",2026,0,2,0,"Fulfill","count",0,-1,"bottom"
"78",10,"Exposure Therapy",2026,0,4,0,"Fulfill","count",0,-1,"bottom"
"79",10,"Sabbath",2026,0,1,0,"Fulfill","count",0,-1,"bottom"
"80",10,"Airplane Time",2026,0,30,0,"Fulfill","min",0,-1,"bottom"
"81",10,"Creative Time",2026,0,5,0,"Fulfill","hr",0,-1,"bottom"
"82",10,"Stranger Socializing",2026,4,3,0,"Social","hr",1,0.333333333333333,"over"
"83",10,"Friend Quality",2026,7.5,3,0,"Social","hr",1,1.5,"v_over"
"84",10,"Active Zone Minutes",2026,60,50,0,"Health","min",1,0.2,"over"
"85",10,"Meal Prep",2026,3.93,7,0,"Health","hr",0,-0.438571428571429,"middle"
"86",10,"Lift",2026,2,3,0,"Health","count",0,-0.333333333333333,"middle"
"87",10,"Finding Roommates",2026,2,1.5,0,"Family","hr",1,0.333333333333333,"over"
"88",10,"Helping Momo",2026,1,3,0,"Family","hr",0,-0.666666666666667,"middle"
"89",10,"Convo with Dad",2026,0,1,0,"Family","count",0,-1,"bottom"
"90",10,"Family Help",2026,0,4,0,"Family","hr",0,-1,"bottom"
"91",10,"Eating Meals",2026,0,10,1,"Minimize","hr",0,-1,"bottom"
"92",10,"FT Routine",2026,0,6,1,"Minimize","hr",0,-1,"bottom"
"93",11,"Math",2026,10.67,15,0,"Work","hr",0,-0.288666666666667,"middle"
"94",11,"Non-Math",2026,3.17,3,0,"Work","hr",1,0.0566666666666666,"met"
"95",11,"Library Trips",2026,0,3,0,"Work","count",0,-1,"bottom"
"96",11,"Tutoring JB",2026,1.25,3,0,"Work","hr",0,-0.583333333333333,"middle"
"97",11,"Days I did enough",2026,0,3,0,"Work","count",0,-1,"bottom"
"98",11,"Meeting Canceled",2026,50,1,0,"Fulfill","hr",1,49,"v_over"
"99",11,"Star Item Time",2026,1.33,2,0,"Fulfill","hr",0,-0.335,"middle"
"100",11,"Spanish Practice",2026,0,2,0,"Fulfill","count",0,-1,"bottom"
"101",11,"Exposure Therapy",2026,0,4,0,"Fulfill","count",0,-1,"bottom"
"102",11,"Sabbath",2026,0,1,0,"Fulfill","count",0,-1,"bottom"
"103",11,"Airplane Time",2026,0,30,0,"Fulfill","min",0,-1,"bottom"
"104",11,"Creative Time",2026,0,5,0,"Fulfill","hr",0,-1,"bottom"
"105",11,"Stranger Socializing",2026,8,3,0,"Social","hr",1,1.66666666666667,"v_over"
"106",11,"Friend Quality",2026,13.75,3,0,"Social","hr",1,3.58333333333333,"v_over"
"107",11,"Active Zone Minutes",2026,60,50,0,"Health","min",1,0.2,"over"
"108",11,"Meal Prep",2026,3,7,0,"Health","hr",0,-0.571428571428571,"middle"
"109",11,"Lift",2026,1,3,0,"Health","count",0,-0.666666666666667,"middle"
"110",11,"Finding Roommates",2026,1,1.5,0,"Family","hr",0,-0.333333333333333,"middle"
"111",11,"Helping Momo",2026,0,3,0,"Family","hr",0,-1,"bottom"
"112",11,"Convo with Dad",2026,0,1,0,"Family","count",0,-1,"bottom"
"113",11,"Family Help",2026,0,4,0,"Family","hr",0,-1,"bottom"
"114",11,"Eating Meals",2026,0,10,1,"Minimize","hr",0,-1,"bottom"
"115",11,"FT Routine",2026,0,6,1,"Minimize","hr",0,-1,"bottom"
"116",12,"Math",2026,12.08,15,0,"Work","hr",0,-0.194666666666667,"middle"
"117",12,"Non-Math",2026,1.37,3,0,"Work","hr",0,-0.543333333333333,"middle"
"118",12,"Library Trips",2026,1,3,0,"Work","count",0,-0.666666666666667,"middle"
"119",12,"Tutoring JB",2026,4.07,3,0,"Work","hr",1,0.356666666666667,"over"
"120",12,"Days I did enough",2026,0,3,0,"Work","count",0,-1,"bottom"
"121",12,"Meeting Canceled",2026,0,1,0,"Fulfill","hr",0,-1,"bottom"
"122",12,"Star Item Time",2026,0.33,2,0,"Fulfill","hr",0,-0.835,"bottom"
"123",12,"Spanish Practice",2026,0,2,0,"Fulfill","count",0,-1,"bottom"
"124",12,"Exposure Therapy",2026,0,4,0,"Fulfill","count",0,-1,"bottom"
"125",12,"Sabbath",2026,0,1,0,"Fulfill","count",0,-1,"bottom"
"126",12,"Airplane Time",2026,0,30,0,"Fulfill","min",0,-1,"bottom"
"127",12,"Creative Time",2026,0,5,0,"Fulfill","hr",0,-1,"bottom"
"128",12,"Stranger Socializing",2026,5.83,3,0,"Social","hr",1,0.943333333333333,"v_over"
"129",12,"Friend Quality",2026,12.5,3,0,"Social","hr",1,3.16666666666667,"v_over"
"130",12,"Active Zone Minutes",2026,59,50,0,"Health","min",1,0.18,"over"
"131",12,"Meal Prep",2026,0.5,7,0,"Health","hr",0,-0.928571428571429,"bottom"
"132",12,"Lift",2026,1,3,0,"Health","count",0,-0.666666666666667,"middle"
"133",12,"Finding Roommates",2026,1.89,1.5,0,"Family","hr",1,0.26,"over"
"134",12,"Helping Momo",2026,0,3,0,"Family","hr",0,-1,"bottom"
"135",12,"Convo with Dad",2026,0,1,0,"Family","count",0,-1,"bottom"
"136",12,"Family Help",2026,0,4,0,"Family","hr",0,-1,"bottom"
"137",12,"Eating Meals",2026,0,10,1,"Minimize","hr",0,-1,"bottom"
"138",12,"FT Routine",2026,0,6,1,"Minimize","hr",0,-1,"bottom"
"139",13,"Math",2026,4.52,15,0,"Work","hr",0,-0.698666666666667,"middle"
"140",13,"Non-Math",2026,5.6,3,0,"Work","hr",1,0.866666666666667,"v_over"
"141",13,"Library Trips",2026,3,3,0,"Work","count",1,0,"met"
"142",13,"Tutoring JB",2026,3.22,3,0,"Work","hr",1,0.0733333333333334,"met"
"143",13,"Days I did enough",2026,0,3,0,"Work","count",0,-1,"bottom"
"144",13,"Meeting Canceled",2026,30,1,0,"Fulfill","hr",1,29,"v_over"
"145",13,"Star Item Time",2026,2.25,2,0,"Fulfill","hr",1,0.125,"over"
"146",13,"Spanish Practice",2026,1,2,0,"Fulfill","count",0,-0.5,"middle"
"147",13,"Exposure Therapy",2026,3,4,0,"Fulfill","count",0,-0.25,"middle"
"148",13,"Sabbath",2026,0,1,0,"Fulfill","count",0,-1,"bottom"
"149",13,"Airplane Time",2026,0,30,0,"Fulfill","min",0,-1,"bottom"
"150",13,"Creative Time",2026,0,5,0,"Fulfill","hr",0,-1,"bottom"
"151",13,"Stranger Socializing",2026,7,3,0,"Social","hr",1,1.33333333333333,"v_over"
"152",13,"Friend Quality",2026,5,3,0,"Social","hr",1,0.666666666666667,"v_over"
"153",13,"Active Zone Minutes",2026,83,50,0,"Health","min",1,0.66,"v_over"
"154",13,"Meal Prep",2026,5,7,0,"Health","hr",0,-0.285714285714286,"middle"
"155",13,"Lift",2026,1,3,0,"Health","count",0,-0.666666666666667,"middle"
"156",13,"Finding Roommates",2026,0,1.5,0,"Family","hr",0,-1,"bottom"
"157",13,"Helping Momo",2026,3,3,0,"Family","hr",1,0,"met"
"158",13,"Convo with Dad",2026,0,1,0,"Family","count",0,-1,"bottom"
"159",13,"Family Help",2026,0,4,0,"Family","hr",0,-1,"bottom"
"160",13,"Eating Meals",2026,0,10,1,"Minimize","hr",0,-1,"bottom"
"161",13,"FT Routine",2026,0,6,1,"Minimize","hr",0,-1,"bottom"
"162",14,"Math",2026,7.78,15,0,"Work","hr",0,-0.481333333333333,"middle"
"163",14,"Non-Math",2026,3.02,3,0,"Work","hr",1,0.00666666666666667,"met"
"164",14,"Library Trips",2026,3,3,0,"Work","count",1,0,"met"
"165",14,"Tutoring JB",2026,2.25,3,0,"Work","hr",0,-0.25,"middle"
"166",14,"Days I did enough",2026,0,3,0,"Work","count",0,-1,"bottom"
"167",14,"Meeting Canceled",2026,60,1,0,"Fulfill","hr",1,59,"v_over"
"168",14,"Star Item Time",2026,0,2,0,"Fulfill","hr",0,-1,"bottom"
"169",14,"Spanish Practice",2026,0,2,0,"Fulfill","count",0,-1,"bottom"
"170",14,"Exposure Therapy",2026,0,4,0,"Fulfill","count",0,-1,"bottom"
"171",14,"Sabbath",2026,0,1,0,"Fulfill","count",0,-1,"bottom"
"172",14,"Airplane Time",2026,0,30,0,"Fulfill","min",0,-1,"bottom"
"173",14,"Creative Time",2026,0,5,0,"Fulfill","hr",0,-1,"bottom"
"174",14,"Stranger Socializing",2026,5,3,0,"Social","hr",1,0.666666666666667,"v_over"
"175",14,"Friend Quality",2026,7.33,3,0,"Social","hr",1,1.44333333333333,"v_over"
"176",14,"Active Zone Minutes",2026,58,50,0,"Health","min",1,0.16,"over"
"177",14,"Meal Prep",2026,7.88,7,0,"Health","hr",1,0.125714285714286,"over"
"178",14,"Lift",2026,0,3,0,"Health","count",0,-1,"bottom"
"179",14,"Finding Roommates",2026,4.19,1.5,0,"Family","hr",1,1.79333333333333,"v_over"
"180",14,"Helping Momo",2026,4.83,3,0,"Family","hr",1,0.61,"v_over"
"181",14,"Convo with Dad",2026,0,1,0,"Family","count",0,-1,"bottom"
"182",14,"Family Help",2026,0,4,0,"Family","hr",0,-1,"bottom"
"183",14,"Eating Meals",2026,0,10,1,"Minimize","hr",0,-1,"bottom"
"184",14,"FT Routine",2026,0,6,1,"Minimize","hr",0,-1,"bottom"
"185",15,"Math",2026,14,15,0,"Work","hr",0,-0.0666666666666667,"met"
"186",15,"Non-Math",2026,4.6,3,0,"Work","hr",1,0.533333333333333,"v_over"
"187",15,"Library Trips",2026,3,3,0,"Work","count",1,0,"met"
"188",15,"Tutoring JB",2026,0.55,3,0,"Work","hr",0,-0.816666666666667,"bottom"
"189",15,"Days I did enough",2026,0,3,0,"Work","count",0,-1,"bottom"
"190",15,"Meeting Canceled",2026,60,1,0,"Fulfill","hr",1,59,"v_over"
"191",15,"Star Item Time",2026,0,2,0,"Fulfill","hr",0,-1,"bottom"
"192",15,"Spanish Practice",2026,0,2,0,"Fulfill","count",0,-1,"bottom"
"193",15,"Exposure Therapy",2026,1,4,0,"Fulfill","count",0,-0.75,"bottom"
"194",15,"Sabbath",2026,1,1,0,"Fulfill","count",1,0,"met"
"195",15,"Airplane Time",2026,30,30,0,"Fulfill","min",1,0,"met"
"196",15,"Creative Time",2026,0,5,0,"Fulfill","hr",0,-1,"bottom"
"197",15,"Stranger Socializing",2026,10.67,3,0,"Social","hr",1,2.55666666666667,"v_over"
"198",15,"Friend Quality",2026,9.5,3,0,"Social","hr",1,2.16666666666667,"v_over"
"199",15,"Active Zone Minutes",2026,94,60,0,"Health","min",1,0.566666666666667,"v_over"
"200",15,"Meal Prep",2026,5.78,7,0,"Health","hr",0,-0.174285714285714,"middle"
"201",15,"Lift",2026,1,3,0,"Health","count",0,-0.666666666666667,"middle"
"202",15,"Finding Roommates",2026,1.58,1.5,0,"Family","hr",1,0.0533333333333334,"met"
"203",15,"Helping Momo",2026,0.67,3,0,"Family","hr",0,-0.776666666666667,"bottom"
"204",15,"Convo with Dad",2026,0,1,0,"Family","count",0,-1,"bottom"
"205",15,"Family Help",2026,0,4,0,"Family","hr",0,-1,"bottom"
"206",15,"Eating Meals",2026,0,10,1,"Minimize","hr",0,-1,"bottom"
"207",15,"FT Routine",2026,0,6,1,"Minimize","hr",0,-1,"bottom"
"208",16,"Math",2026,10.95,15,0,"Work","hr",0,-0.27,"middle"
"209",16,"Non-Math",2026,8.51,3,0,"Work","hr",1,1.83666666666667,"v_over"
"210",16,"Library Trips",2026,3,3,0,"Work","count",1,0,"met"
"211",16,"Tutoring JB",2026,0.74,3,0,"Work","hr",0,-0.753333333333333,"bottom"
"212",16,"Days I did enough",2026,0,3,0,"Work","count",0,-1,"bottom"
"213",16,"Meeting Canceled",2026,0,1,0,"Fulfill","hr",0,-1,"bottom"
"214",16,"Star Item Time",2026,0,2,0,"Fulfill","hr",0,-1,"bottom"
"215",16,"Spanish Practice",2026,0,2,0,"Fulfill","count",0,-1,"bottom"
"216",16,"Exposure Therapy",2026,2,4,0,"Fulfill","count",0,-0.5,"middle"
"217",16,"Sabbath",2026,0,1,0,"Fulfill","count",0,-1,"bottom"
"218",16,"Airplane Time",2026,30,30,0,"Fulfill","min",1,0,"met"
"219",16,"Creative Time",2026,0,5,0,"Fulfill","hr",0,-1,"bottom"
"220",16,"Stranger Socializing",2026,0,3,0,"Social","hr",0,-1,"bottom"
"221",16,"Friend Quality",2026,2.5,3,0,"Social","hr",0,-0.166666666666667,"middle"
"222",16,"Active Zone Minutes",2026,86,70,0,"Health","min",1,0.228571428571429,"over"
"223",16,"Meal Prep",2026,0.17,7,0,"Health","hr",0,-0.975714285714286,"bottom"
"224",16,"Lift",2026,0,3,0,"Health","count",0,-1,"bottom"
"225",16,"Finding Roommates",2026,1.45,1.5,0,"Family","hr",0,-0.0333333333333334,"met"
"226",16,"Helping Momo",2026,0,3,0,"Family","hr",0,-1,"bottom"
"227",16,"Convo with Dad",2026,1,1,0,"Family","count",1,0,"met"
"228",16,"Family Help",2026,0,4,0,"Family","hr",0,-1,"bottom"
"229",16,"Eating Meals",2026,0,10,1,"Minimize","hr",0,-1,"bottom"
"230",16,"FT Routine",2026,0,6,1,"Minimize","hr",0,-1,"bottom"
"231",17,"Math",2026,3.54,15,0,"Work","hr",0,-0.764,"bottom"
"232",17,"Non-Math",2026,6.7,3,0,"Work","hr",1,1.23333333333333,"v_over"
"233",17,"Library Trips",2026,1,3,0,"Work","count",0,-0.666666666666667,"middle"
"234",17,"Tutoring JB",2026,2.33,3,0,"Work","hr",0,-0.223333333333333,"middle"
"235",17,"Days I did enough",2026,2,3,0,"Work","count",0,-0.333333333333333,"middle"
"236",17,"Meeting Canceled",2026,39,1,0,"Fulfill","hr",1,38,"v_over"
"237",17,"Star Item Time",2026,1.2,2,0,"Fulfill","hr",0,-0.4,"middle"
"238",17,"Spanish Practice",2026,1,2,0,"Fulfill","count",0,-0.5,"middle"
"239",17,"Exposure Therapy",2026,4,4,0,"Fulfill","count",1,0,"met"
"240",17,"Sabbath",2026,1,1,0,"Fulfill","count",1,0,"met"
"241",17,"Airplane Time",2026,30,30,0,"Fulfill","min",1,0,"met"
"242",17,"Creative Time",2026,0,5,0,"Fulfill","hr",0,-1,"bottom"
"243",17,"Stranger Socializing",2026,2.5,3,0,"Social","hr",0,-0.166666666666667,"middle"
"244",17,"Friend Quality",2026,13,3,0,"Social","hr",1,3.33333333333333,"v_over"
"245",17,"Active Zone Minutes",2026,91,80,0,"Health","min",1,0.1375,"over"
"246",17,"Meal Prep",2026,9.03,7,0,"Health","hr",1,0.29,"over"
"247",17,"Lift",2026,0,3,0,"Health","count",0,-1,"bottom"
"248",17,"Finding Roommates",2026,1.8,1.5,0,"Family","hr",1,0.2,"over"
"249",17,"Helping Momo",2026,2,3,0,"Family","hr",0,-0.333333333333333,"middle"
"250",17,"Convo with Dad",2026,0,1,0,"Family","count",0,-1,"bottom"
"251",17,"Family Help",2026,0,4,0,"Family","hr",0,-1,"bottom"
"252",17,"Eating Meals",2026,1.39,10,1,"Minimize","hr",0,-0.861,"bottom"
"253",17,"FT Routine",2026,3.47,6,1,"Minimize","hr",0,-0.421666666666667,"middle"
"254",18,"Math",2026,11.74,15,0,"Work","hr",0,-0.217333333333333,"middle"
"255",18,"Non-Math",2026,5.28,3,0,"Work","hr",1,0.76,"v_over"
"256",18,"Library Trips",2026,3,3,0,"Work","count",1,0,"met"
"257",18,"Tutoring JB",2026,3.52,3,0,"Work","hr",1,0.173333333333333,"over"
"258",18,"Days I did enough",2026,1,3,0,"Work","count",0,-0.666666666666667,"middle"
"259",18,"Meeting Canceled",2026,0,1,0,"Fulfill","hr",0,-1,"bottom"
"260",18,"Star Item Time",2026,0.5,2,0,"Fulfill","hr",0,-0.75,"bottom"
"261",18,"Spanish Practice",2026,1,2,0,"Fulfill","count",0,-0.5,"middle"
"262",18,"Exposure Therapy",2026,3,4,0,"Fulfill","count",0,-0.25,"middle"
"263",18,"Sabbath",2026,1,1,0,"Fulfill","count",1,0,"met"
"264",18,"Airplane Time",2026,30,30,0,"Fulfill","min",1,0,"met"
"265",18,"Creative Time",2026,0,5,0,"Fulfill","hr",0,-1,"bottom"
"266",18,"Stranger Socializing",2026,10.2,3,0,"Social","hr",1,2.4,"v_over"
"267",18,"Friend Quality",2026,10.65,3,0,"Social","hr",1,2.55,"v_over"
"268",18,"Active Zone Minutes",2026,101,90,0,"Health","min",1,0.122222222222222,"over"
"269",18,"Meal Prep",2026,7.08,7,0,"Health","hr",1,0.0114285714285714,"met"
"270",18,"Lift",2026,2,3,0,"Health","count",0,-0.333333333333333,"middle"
"271",18,"Finding Roommates",2026,1.6,1.5,0,"Family","hr",1,0.0666666666666667,"met"
"272",18,"Helping Momo",2026,1.15,3,0,"Family","hr",0,-0.616666666666667,"middle"
"273",18,"Convo with Dad",2026,0,1,0,"Family","count",0,-1,"bottom"
"274",18,"Family Help",2026,0,4,0,"Family","hr",0,-1,"bottom"
"275",18,"Eating Meals",2026,1.44,10,1,"Minimize","hr",0,-0.856,"bottom"
"276",18,"FT Routine",2026,3.31,6,1,"Minimize","hr",0,-0.448333333333333,"middle"
"277",19,"Math",2026,4.95,15,0,"Work","hr",0,-0.67,"middle"
"278",19,"Non-Math",2026,1.45,3,0,"Work","hr",0,-0.516666666666667,"middle"
"279",19,"Library Trips",2026,1,3,0,"Work","count",0,-0.666666666666667,"middle"
"280",19,"Tutoring JB",2026,0,3,0,"Work","hr",0,-1,"bottom"
"281",19,"Days I did enough",2026,0,3,0,"Work","count",0,-1,"bottom"
"282",19,"Meeting Canceled",2026,0,1,0,"Fulfill","hr",0,-1,"bottom"
"283",19,"Star Item Time",2026,0,2,0,"Fulfill","hr",0,-1,"bottom"
"284",19,"Spanish Practice",2026,0,2,0,"Fulfill","count",0,-1,"bottom"
"285",19,"Exposure Therapy",2026,1,4,0,"Fulfill","count",0,-0.75,"bottom"
"286",19,"Sabbath",2026,0,1,0,"Fulfill","count",0,-1,"bottom"
"287",19,"Airplane Time",2026,0,30,0,"Fulfill","min",0,-1,"bottom"
"288",19,"Creative Time",2026,1.5,5,0,"Fulfill","hr",0,-0.7,"middle"
"289",19,"Stranger Socializing",2026,0,3,0,"Social","hr",0,-1,"bottom"
"290",19,"Friend Quality",2026,0,3,0,"Social","hr",0,-1,"bottom"
"291",19,"Active Zone Minutes",2026,158,100,0,"Health","min",1,0.58,"v_over"
"292",19,"Meal Prep",2026,6.68,7,0,"Health","hr",0,-0.0457142857142858,"met"
"293",19,"Lift",2026,0,3,0,"Health","count",0,-1,"bottom"
"294",19,"Finding Roommates",2026,0,1.5,0,"Family","hr",0,-1,"bottom"
"295",19,"Helping Momo",2026,0,3,0,"Family","hr",0,-1,"bottom"
"296",19,"Convo with Dad",2026,0,1,0,"Family","count",0,-1,"bottom"
"297",19,"Family Help",2026,1.75,4,0,"Family","hr",0,-0.5625,"middle"
"298",19,"Eating Meals",2026,2.36,10,1,"Minimize","hr",0,-0.764,"bottom"
"299",19,"FT Routine",2026,1.03,6,1,"Minimize","hr",0,-0.828333333333333,"bottom"
